"name","type","class","exported","generic","args","package","priority","Rversion"
"!","builtin","","TRUE","NA","","base","NA","0.61.2"
"!=","builtin","","TRUE","NA","","base","NA","0.61.2"
"$","special","","TRUE","NA","","base","NA","0.61.2"
"$<-","special","","TRUE","NA","","base","NA","0.61.2"
"%%","builtin","","TRUE","NA","","base","NA","0.61.2"
"%*%","builtin","","TRUE","NA","","base","NA","0.61.2"
"%/%","builtin","","TRUE","NA","","base","NA","0.61.2"
"%in%","closure","","TRUE","FALSE","(x, y) ","base","NA","0.61.2"
"%o%","closure","","TRUE","FALSE","(x, y, FUN = ""*"", ...) ","base","NA","0.61.2"
"&","builtin","","TRUE","NA","","base","NA","0.61.2"
"&&","special","","TRUE","NA","","base","NA","0.61.2"
"(","builtin","","TRUE","NA","","base","NA","0.61.2"
"*","builtin","","TRUE","NA","","base","NA","0.61.2"
"+","builtin","","TRUE","NA","","base","NA","0.61.2"
"-","builtin","","TRUE","NA","","base","NA","0.61.2"
".AutoloadEnv","environment","","TRUE","FALSE","NA","base","NA","0.61.2"
".C","builtin","","TRUE","NA","","base","NA","0.61.2"
".First","closure","","TRUE","FALSE","() ","base","NA","0.61.2"
".Fortran","builtin","","TRUE","NA","","base","NA","0.61.2"
".GlobalEnv","environment","","TRUE","FALSE","NA","base","NA","0.61.2"
".Internal","special","","TRUE","NA","","base","NA","0.61.2"
".Last.value","NULL","","TRUE","FALSE","NA","base","NA","0.61.2"
".Library","character","","TRUE","FALSE","NA","base","NA","0.61.2"
".Machine","list","","TRUE","FALSE","NA","base","NA","0.61.2"
".Options","list","","TRUE","FALSE","NA","base","NA","0.61.2"
".Pars","character","","TRUE","FALSE","NA","base","NA","0.61.2"
".PostScript.Options","list","","TRUE","FALSE","NA","base","NA","0.61.2"
".format.Internal","builtin","","TRUE","NA","","base","NA","0.61.2"
".lib.loc","character","","TRUE","FALSE","NA","base","NA","0.61.2"
".not.yet.implemented","closure","","TRUE","FALSE","() ","base","NA","0.61.2"
".packages","closure","","TRUE","FALSE","() ","base","NA","0.61.2"
"/","builtin","","TRUE","NA","","base","NA","0.61.2"
":","builtin","","TRUE","NA","","base","NA","0.61.2"
"<","builtin","","TRUE","NA","","base","NA","0.61.2"
"<-","special","","TRUE","NA","","base","NA","0.61.2"
"<<-","special","","TRUE","NA","","base","NA","0.61.2"
"<=","builtin","","TRUE","NA","","base","NA","0.61.2"
"==","builtin","","TRUE","NA","","base","NA","0.61.2"
">","builtin","","TRUE","NA","","base","NA","0.61.2"
">=","builtin","","TRUE","NA","","base","NA","0.61.2"
"Arg","builtin","","TRUE","NA","","base","NA","0.61.2"
"Conj","builtin","","TRUE","NA","","base","NA","0.61.2"
"D","builtin","","TRUE","NA","","base","NA","0.61.2"
"F","logical","","TRUE","FALSE","NA","base","NA","0.61.2"
"Gamma","closure","","TRUE","FALSE","(link = ""inverse"") ","base","NA","0.61.2"
"I","closure","","TRUE","FALSE","(x) ","base","NA","0.61.2"
"IQR","closure","","TRUE","FALSE","(x) ","base","NA","0.61.2"
"Im","builtin","","TRUE","NA","","base","NA","0.61.2"
"LETTERS","character","","TRUE","FALSE","NA","base","NA","0.61.2"
"Machine","builtin","","TRUE","NA","","base","NA","0.61.2"
"Mod","builtin","","TRUE","NA","","base","NA","0.61.2"
"NCOL","closure","","TRUE","FALSE","(x) ","base","NA","0.61.2"
"NROW","closure","","TRUE","FALSE","(x) ","base","NA","0.61.2"
"NextMethod","closure","","TRUE","FALSE","(generic = NULL, object = NULL, ...) ","base","NA","0.61.2"
"Re","builtin","","TRUE","NA","","base","NA","0.61.2"
"Recall","closure","","TRUE","FALSE","(...) ","base","NA","0.61.2"
"T","logical","","TRUE","FALSE","NA","base","NA","0.61.2"
"UseMethod","special","","TRUE","NA","","base","NA","0.61.2"
"Version","builtin","","TRUE","NA","","base","NA","0.61.2"
"[","special","","TRUE","NA","","base","NA","0.61.2"
"[.data.frame","special","","TRUE","NA","","base","NA","0.61.2"
"[.formula","closure","","TRUE","FALSE","(x, i) ","base","NA","0.61.2"
"[.noquote","closure","","TRUE","FALSE","(x, subs) ","base","NA","0.61.2"
"[.ts","closure","","TRUE","FALSE","(x, i, j, drop = T) ","base","NA","0.61.2"
"[<-","special","","TRUE","NA","","base","NA","0.61.2"
"[<-.data.frame","special","","TRUE","NA","","base","NA","0.61.2"
"[[","special","","TRUE","NA","","base","NA","0.61.2"
"[[.data.frame","special","","TRUE","NA","","base","NA","0.61.2"
"[[<-","special","","TRUE","NA","","base","NA","0.61.2"
"[[<-.data.frame","special","","TRUE","NA","","base","NA","0.61.2"
"^","builtin","","TRUE","NA","","base","NA","0.61.2"
"abbreviate","closure","","TRUE","FALSE","(names.arg, minlength = 4, use.classes = T, dot = F) ","base","NA","0.61.2"
"abline","closure","","TRUE","FALSE","(a = NULL, b = NULL, h = NULL, v = NULL, reg = NULL,         coef = NULL, col = par(""col""), lty = par(""lty""), ...) ","base","NA","0.61.2"
"abs","builtin","","TRUE","NA","","base","NA","0.61.2"
"acos","builtin","","TRUE","NA","","base","NA","0.61.2"
"acosh","builtin","","TRUE","NA","","base","NA","0.61.2"
"all","closure","","TRUE","FALSE","(..., na.rm = FALSE) ","base","NA","0.61.2"
"all.names","closure","","TRUE","FALSE","(expr, functions = TRUE, max.names = 200, unique = FALSE) ","base","NA","0.61.2"
"all.vars","closure","","TRUE","FALSE","(expr, functions = FALSE, max.names = 200, unique = TRUE) ","base","NA","0.61.2"
"anova","closure","","TRUE","FALSE","(x, ...) ","base","NA","0.61.2"
"anova.glm","closure","","TRUE","FALSE","(object, ..., test = NULL, na.action = na.omit) ","base","NA","0.61.2"
"anova.glm.null","closure","","TRUE","FALSE","(object, ..., test = NULL, na.action = na.omit) ","base","NA","0.61.2"
"anova.glmlist","closure","","TRUE","FALSE","(object, na.action = na.omit, test = NULL) ","base","NA","0.61.2"
"anova.lm","closure","","TRUE","FALSE","(object, ...) ","base","NA","0.61.2"
"anova.lm.null","closure","","TRUE","FALSE","(object, ...) ","base","NA","0.61.2"
"anovalist.lm","closure","","TRUE","FALSE","(object, ..., test = NULL) ","base","NA","0.61.2"
"any","closure","","TRUE","FALSE","(..., na.rm = FALSE) ","base","NA","0.61.2"
"any.data.frame","builtin","","TRUE","NA","","base","NA","0.61.2"
"aperm","closure","","TRUE","FALSE","(a, perm, resize = TRUE) ","base","NA","0.61.2"
"append","closure","","TRUE","FALSE","(x, values, after = length(x)) ","base","NA","0.61.2"
"apply","closure","","TRUE","FALSE","(X, MARGIN, FUN, ...) ","base","NA","0.61.2"
"approx","closure","","TRUE","FALSE","(x, y = NULL, xout, method = ""linear"", n = 50, yleft,         yright, rule = 1, f = 0) ","base","NA","0.61.2"
"approxfun","closure","","TRUE","FALSE","(x, y = NULL, method = ""linear"", yleft, yright, rule = 1,         f = 0) ","base","NA","0.61.2"
"apropos","closure","","TRUE","FALSE","(pattern, where = FALSE) ","base","NA","0.61.2"
"args","builtin","","TRUE","NA","","base","NA","0.61.2"
"array","closure","","TRUE","FALSE","(data = NA, dim = length(data), dimnames = NULL) ","base","NA","0.61.2"
"arrows","closure","","TRUE","FALSE","(x0, y0, x1, y1, length = 0.25, angle = 30, code = 2,         col = par(""fg""), lty = NULL, xpd = FALSE) ","base","NA","0.61.2"
"as.array","closure","","TRUE","FALSE","(x) ","base","NA","0.61.2"
"as.call","builtin","","TRUE","NA","","base","NA","0.61.2"
"as.char.or.expr","closure","","TRUE","FALSE","(x) ","base","NA","0.61.2"
"as.character","closure","","TRUE","FALSE","(x) ","base","NA","0.61.2"
"as.complex","closure","","TRUE","FALSE","(x) ","base","NA","0.61.2"
"as.data.frame","closure","","TRUE","FALSE","(x, row.names = NULL, optional = FALSE, ...) ","base","NA","0.61.2"
"as.data.frame.default","closure","","TRUE","FALSE","(x, row.names = NULL, optional = FALSE, ...) ","base","NA","0.61.2"
"as.double","closure","","TRUE","FALSE","(x) ","base","NA","0.61.2"
"as.expression","closure","","TRUE","FALSE","(x) ","base","NA","0.61.2"
"as.factor","closure","","TRUE","FALSE","(x, ordered = FALSE) ","base","NA","0.61.2"
"as.formula","closure","","TRUE","FALSE","(object) ","base","NA","0.61.2"
"as.function","closure","","TRUE","FALSE","(x) ","base","NA","0.61.2"
"as.integer","closure","","TRUE","FALSE","(x) ","base","NA","0.61.2"
"as.list","closure","","TRUE","FALSE","(x) ","base","NA","0.61.2"
"as.logical","closure","","TRUE","FALSE","(x) ","base","NA","0.61.2"
"as.matrix","closure","","TRUE","FALSE","(x) ","base","NA","0.61.2"
"as.matrix.data.frame","closure","","TRUE","FALSE","(x) ","base","NA","0.61.2"
"as.matrix.default","closure","","TRUE","FALSE","(x) ","base","NA","0.61.2"
"as.name","closure","","TRUE","FALSE","(x) ","base","NA","0.61.2"
"as.null","closure","","TRUE","FALSE","(x) ","base","NA","0.61.2"
"as.numeric","closure","","TRUE","FALSE","(x) ","base","NA","0.61.2"
"as.ordered","closure","","TRUE","FALSE","(x) ","base","NA","0.61.2"
"as.qr","closure","","TRUE","FALSE","(x) ","base","NA","0.61.2"
"as.real","closure","","TRUE","FALSE","(x) ","base","NA","0.61.2"
"as.single","closure","","TRUE","FALSE","(x) ","base","NA","0.61.2"
"as.ts","closure","","TRUE","FALSE","(x) ","base","NA","0.61.2"
"as.vector","closure","","TRUE","FALSE","(x, mode = ""any"") ","base","NA","0.61.2"
"asin","builtin","","TRUE","NA","","base","NA","0.61.2"
"asinh","builtin","","TRUE","NA","","base","NA","0.61.2"
"assign","closure","","TRUE","FALSE","(x, value, pos = -1, envir = pos.to.env(pos), inherits = FALSE,         immediate = TRUE) ","base","NA","0.61.2"
"atan","builtin","","TRUE","NA","","base","NA","0.61.2"
"atan2","builtin","","TRUE","NA","","base","NA","0.61.2"
"atanh","builtin","","TRUE","NA","","base","NA","0.61.2"
"attach","closure","","TRUE","FALSE","(what, pos = 2, name = deparse(substitute(what))) ","base","NA","0.61.2"
"attr","builtin","","TRUE","NA","","base","NA","0.61.2"
"attr<-","special","","TRUE","NA","","base","NA","0.61.2"
"attributes","builtin","","TRUE","NA","","base","NA","0.61.2"
"attributes<-","builtin","","TRUE","NA","","base","NA","0.61.2"
"autoload","closure","","TRUE","FALSE","(name, file) ","base","NA","0.61.2"
"autoloader","closure","","TRUE","FALSE","(name, file) ","base","NA","0.61.2"
"ave","closure","","TRUE","FALSE","(x, ...) ","base","NA","0.61.2"
"axis","closure","","TRUE","FALSE","(which, at, labels = TRUE, ...) ","base","NA","0.61.2"
"backsolve","closure","","TRUE","FALSE","(r, x, k = ncol(r)) ","base","NA","0.61.2"
"barplot","closure","","TRUE","FALSE","(height, width = 1, space = NULL, names.arg = NULL,         legend.text = NULL, beside = FALSE, horiz = FALSE, col = heat.colors(NR),         border = par(""fg""), main = NULL, xlab = NULL, ylab = NULL,         xlim = NULL, ylim = NULL, axes = TRUE, ...) ","base","NA","0.61.2"
"beta","builtin","","TRUE","NA","","base","NA","0.61.2"
"binomial","closure","","TRUE","FALSE","(link = ""logit"") ","base","NA","0.61.2"
"body","closure","","TRUE","FALSE","(fun = sys.function(sys.parent())) ","base","NA","0.61.2"
"box","closure","","TRUE","FALSE","(which = ""plot"", lty = ""solid"", ...) ","base","NA","0.61.2"
"boxplot","closure","","TRUE","FALSE","(x, ..., range = 1.5, width = NULL, varwidth = FALSE,         notch = FALSE, names, data = sys.frame(sys.parent()),         plot = TRUE, border = par(""fg""), col = NULL, log = """",         pars = NULL) ","base","NA","0.61.2"
"boxplot.stats","closure","","TRUE","FALSE","(x, coef = 1.5) ","base","NA","0.61.2"
"break","special","","TRUE","NA","","base","NA","0.61.2"
"browser","special","","TRUE","NA","","base","NA","0.61.2"
"builtins","closure","","TRUE","FALSE","(internal = FALSE) ","base","NA","0.61.2"
"bw.bcv","closure","","TRUE","FALSE","(x, samples = 100) ","base","NA","0.61.2"
"bw.sj","closure","","TRUE","FALSE","(x, samples = 100) ","base","NA","0.61.2"
"bw.ucv","closure","","TRUE","FALSE","(x, samples = 100) ","base","NA","0.61.2"
"bxp","closure","","TRUE","FALSE","(z, notch = FALSE, width = NULL, varwidth = FALSE, border = par(""fg""),         col = NULL, log = """", pars = NULL, ...) ","base","NA","0.61.2"
"c","special","","TRUE","NA","","base","NA","0.61.2"
"call","special","","TRUE","NA","","base","NA","0.61.2"
"case.names","closure","","TRUE","FALSE","(obj, ...) ","base","NA","0.61.2"
"case.names.lm","closure","","TRUE","FALSE","(lm.obj, full = FALSE) ","base","NA","0.61.2"
"cat","closure","","TRUE","FALSE","(..., file = """", sep = "" "", fill = FALSE, labels = NULL,         append = FALSE) ","base","NA","0.61.2"
"cbind","closure","","TRUE","FALSE","(...) ","base","NA","0.61.2"
"ceiling","builtin","","TRUE","NA","","base","NA","0.61.2"
"char.expand","closure","","TRUE","FALSE","(input, target, nomatch = stop(""no match"")) ","base","NA","0.61.2"
"character","closure","","TRUE","FALSE","(n = 0) ","base","NA","0.61.2"
"charmatch","closure","","TRUE","FALSE","(x, table, nomatch = NA) ","base","NA","0.61.2"
"check.bounds","builtin","","TRUE","NA","","base","NA","0.61.2"
"chisq.test","closure","","TRUE","FALSE","(x, y = NULL, correct = TRUE, p = rep(1/length(x), length(x))) ","base","NA","0.61.2"
"chol","closure","","TRUE","FALSE","(x) ","base","NA","0.61.2"
"chol2inv","closure","","TRUE","FALSE","(x, size = ncol(x)) ","base","NA","0.61.2"
"choose","builtin","","TRUE","NA","","base","NA","0.61.2"
"class","builtin","","TRUE","NA","","base","NA","0.61.2"
"class<-","builtin","","TRUE","NA","","base","NA","0.61.2"
"cm","closure","","TRUE","FALSE","(x) ","base","NA","0.61.2"
"co.intervals","closure","","TRUE","FALSE","(x, number = 6, overlap = 0.5) ","base","NA","0.61.2"
"codes","builtin","","TRUE","NA","","base","NA","0.61.2"
"codes<-","builtin","","TRUE","NA","","base","NA","0.61.2"
"coef","closure","","TRUE","FALSE","(x, ...) ","base","NA","0.61.2"
"coefficients","closure","","TRUE","FALSE","(x, ...) ","base","NA","0.61.2"
"coefficients.default","closure","","TRUE","FALSE","(x, ...) ","base","NA","0.61.2"
"coefficients.glm","closure","","TRUE","FALSE","(object) ","base","NA","0.61.2"
"coefficients.lm","closure","","TRUE","FALSE","(z) ","base","NA","0.61.2"
"col","closure","","TRUE","FALSE","(x, as.factor = FALSE) ","base","NA","0.61.2"
"colnames","closure","","TRUE","FALSE","(x) ","base","NA","0.61.2"
"colnames<-","closure","","TRUE","FALSE","(x, value) ","base","NA","0.61.2"
"colors","builtin","","TRUE","NA","","base","NA","0.61.2"
"colours","builtin","","TRUE","NA","","base","NA","0.61.2"
"comment","builtin","","TRUE","NA","","base","NA","0.61.2"
"comment<-","builtin","","TRUE","NA","","base","NA","0.61.2"
"complete.cases","closure","","TRUE","FALSE","(...) ","base","NA","0.61.2"
"complex","closure","","TRUE","FALSE","(n = 0, real = numeric(), imaginary = numeric()) ","base","NA","0.61.2"
"contour","closure","","TRUE","FALSE","(x = seq(0, 1, len = nrow(z)), y = seq(0, 1, len = ncol(z)),         z, nlevels = 10, levels = pretty(range(z, na.rm = TRUE),                 nlevels), labcex = 0, xlim = range(x, na.rm = TRUE),         ylim = range(y, na.rm = TRUE), col = par(""fg""), lty = par(""lty""),         add = FALSE) ","base","NA","0.61.2"
"contr.helmert","closure","","TRUE","FALSE","(n, contrasts = TRUE) ","base","NA","0.61.2"
"contr.poly","closure","","TRUE","FALSE","(n, contrasts = TRUE) ","base","NA","0.61.2"
"contr.sum","closure","","TRUE","FALSE","(n, contrasts = TRUE) ","base","NA","0.61.2"
"contr.treatment","closure","","TRUE","FALSE","(n, contrasts = TRUE) ","base","NA","0.61.2"
"contrasts","closure","","TRUE","FALSE","(x, contrasts = TRUE) ","base","NA","0.61.2"
"contrasts<-","closure","","TRUE","FALSE","(x, ctr) ","base","NA","0.61.2"
"convolve","closure","","TRUE","FALSE","(x, y, conj = T) ","base","NA","0.61.2"
"cooks.distance","closure","","TRUE","FALSE","(lm.obj) ","base","NA","0.61.2"
"coplot","closure","","TRUE","FALSE","(formula, data, given.values, panel = points, rows,         columns, show.given = TRUE, col = par(""fg""), pch = par(""pch""),         ...) ","base","NA","0.61.2"
"cor","closure","","TRUE","FALSE","(x, y = NULL, use = ""all.obs"") ","base","NA","0.61.2"
"cos","builtin","","TRUE","NA","","base","NA","0.61.2"
"cosh","builtin","","TRUE","NA","","base","NA","0.61.2"
"count.fields","closure","","TRUE","FALSE","(file, sep = """", skip = 0) ","base","NA","0.61.2"
"cov","closure","","TRUE","FALSE","(x, y = NULL, use = ""all.obs"") ","base","NA","0.61.2"
"covratio","closure","","TRUE","FALSE","(lm.obj) ","base","NA","0.61.2"
"crossprod","closure","","TRUE","FALSE","(x, y = x) ","base","NA","0.61.2"
"cummax","builtin","","TRUE","NA","","base","NA","0.61.2"
"cummin","builtin","","TRUE","NA","","base","NA","0.61.2"
"cumprod","builtin","","TRUE","NA","","base","NA","0.61.2"
"cumsum","builtin","","TRUE","NA","","base","NA","0.61.2"
"curve","closure","","TRUE","FALSE","(expr, from, to, n = 100, add = FALSE, type = ""l"", ...) ","base","NA","0.61.2"
"cut","closure","","TRUE","FALSE","(x, breaks, labels = NULL, right = TRUE, dig.lab = 3) ","base","NA","0.61.2"
"data","closure","","TRUE","FALSE","(..., list = character(0), package = .packages(), lib.loc = .lib.loc) ","base","NA","0.61.2"
"data.class","closure","","TRUE","FALSE","(x) ","base","NA","0.61.2"
"data.entry","closure","","TRUE","FALSE","(..., Modes = NULL, Names = NULL) ","base","NA","0.61.2"
"data.frame","closure","","TRUE","FALSE","(..., row.names = NULL, col.names = NULL, as.is = FALSE,         check.names = TRUE) ","base","NA","0.61.2"
"data.matrix","closure","","TRUE","FALSE","(frame) ","base","NA","0.61.2"
"dataentry","builtin","","TRUE","NA","","base","NA","0.61.2"
"dbeta","closure","","TRUE","FALSE","(x, a, b) ","base","NA","0.61.2"
"dbinom","closure","","TRUE","FALSE","(x, n, p) ","base","NA","0.61.2"
"dcauchy","closure","","TRUE","FALSE","(x, location = 0, scale = 1) ","base","NA","0.61.2"
"dchisq","closure","","TRUE","FALSE","(x, df) ","base","NA","0.61.2"
"de","closure","","TRUE","FALSE","(..., Modes = NULL, Names = NULL) ","base","NA","0.61.2"
"de.ncols","closure","","TRUE","FALSE","(inlist) ","base","NA","0.61.2"
"de.restore","closure","","TRUE","FALSE","(inlist, ncols, coltypes, argnames, args) ","base","NA","0.61.2"
"de.setup","closure","","TRUE","FALSE","(ilist, list.names, incols) ","base","NA","0.61.2"
"debug","builtin","","TRUE","NA","","base","NA","0.61.2"
"delay","closure","","TRUE","FALSE","(x, env = .GlobalEnv) ","base","NA","0.61.2"
"delete.response","closure","","TRUE","FALSE","(termobj) ","base","NA","0.61.2"
"demo","closure","","TRUE","FALSE","(topic, device = x11, directory.sep = ""/"") ","base","NA","0.61.2"
"density","closure","","TRUE","FALSE","(x, bw, adjust = 1, kernel = ""gaussian"", n = 512, width,         from, to, cut = 3, plot.graph = FALSE) ","base","NA","0.61.2"
"deparse","builtin","","TRUE","NA","","base","NA","0.61.2"
"deriv","closure","","TRUE","FALSE","(x, ...) ","base","NA","0.61.2"
"deriv.default","closure","","TRUE","FALSE","(expr, namevec, function.arg = NULL, tag = "".expr"") ","base","NA","0.61.2"
"deriv.formula","closure","","TRUE","FALSE","(expr, namevec, function.arg = NULL, tag = "".expr"") ","base","NA","0.61.2"
"detach","closure","","TRUE","FALSE","(name, pos = 2) ","base","NA","0.61.2"
"dev.off","builtin","","TRUE","NA","","base","NA","0.61.2"
"deviance","closure","","TRUE","FALSE","(x, ...) ","base","NA","0.61.2"
"deviance.glm","closure","","TRUE","FALSE","(object) ","base","NA","0.61.2"
"deviance.lm","closure","","TRUE","FALSE","(z) ","base","NA","0.61.2"
"dexp","closure","","TRUE","FALSE","(x, rate = 1) ","base","NA","0.61.2"
"df","closure","","TRUE","FALSE","(x, n1, n2) ","base","NA","0.61.2"
"df.residual","closure","","TRUE","FALSE","(x, ...) ","base","NA","0.61.2"
"df.residual.lm","closure","","TRUE","FALSE","(z) ","base","NA","0.61.2"
"dfbetas","closure","","TRUE","FALSE","(lm.obj) ","base","NA","0.61.2"
"dffits","closure","","TRUE","FALSE","(lm.obj) ","base","NA","0.61.2"
"dgamma","closure","","TRUE","FALSE","(x, shape, scale = 1) ","base","NA","0.61.2"
"dgeom","closure","","TRUE","FALSE","(x, p) ","base","NA","0.61.2"
"dget","closure","","TRUE","FALSE","(file) ","base","NA","0.61.2"
"dhyper","closure","","TRUE","FALSE","(x, N1, N2, n) ","base","NA","0.61.2"
"diag","closure","","TRUE","FALSE","(x = 1, nrow, ncol = n) ","base","NA","0.61.2"
"diag<-","closure","","TRUE","FALSE","(x, value) ","base","NA","0.61.2"
"diff","closure","","TRUE","FALSE","(x, lag = 1, differences = 1) ","base","NA","0.61.2"
"digamma","builtin","","TRUE","NA","","base","NA","0.61.2"
"dim","builtin","","TRUE","NA","","base","NA","0.61.2"
"dim<-","builtin","","TRUE","NA","","base","NA","0.61.2"
"dimnames","builtin","","TRUE","NA","","base","NA","0.61.2"
"dimnames<-","builtin","","TRUE","NA","","base","NA","0.61.2"
"dlnorm","closure","","TRUE","FALSE","(x, meanlog = 0, sdlog = 1) ","base","NA","0.61.2"
"dlogis","closure","","TRUE","FALSE","(x, location = 0, scale = 1) ","base","NA","0.61.2"
"dnbinom","closure","","TRUE","FALSE","(x, n, p) ","base","NA","0.61.2"
"dnchisq","closure","","TRUE","FALSE","(x, df, lambda) ","base","NA","0.61.2"
"dnorm","closure","","TRUE","FALSE","(x, mean = 0, sd = 1) ","base","NA","0.61.2"
"do.call","builtin","","TRUE","NA","","base","NA","0.61.2"
"dotplot","closure","","TRUE","FALSE","(x, labels = NULL, groups = NULL, gdata = NULL, cex = par(""cex""),         pch = 21, gpch = 21, bg = par(""bg""), color = par(""fg""),         gcolor = par(""fg""), lcolor = ""gray"", ...) ","base","NA","0.61.2"
"double","closure","","TRUE","FALSE","(n = 0) ","base","NA","0.61.2"
"dpois","closure","","TRUE","FALSE","(x, lambda) ","base","NA","0.61.2"
"dput","closure","","TRUE","FALSE","(x, file = """") ","base","NA","0.61.2"
"drop","builtin","","TRUE","NA","","base","NA","0.61.2"
"drop.terms","closure","","TRUE","FALSE","(termobj, dropx = NULL, keep.response = FALSE) ","base","NA","0.61.2"
"dt","closure","","TRUE","FALSE","(x, df) ","base","NA","0.61.2"
"dump","closure","","TRUE","FALSE","(list, fileout = ""dumpdata"") ","base","NA","0.61.2"
"dunif","closure","","TRUE","FALSE","(x, min = 0, max = 1) ","base","NA","0.61.2"
"duplicated","builtin","","TRUE","NA","","base","NA","0.61.2"
"dweibull","closure","","TRUE","FALSE","(x, shape, scale = 1) ","base","NA","0.61.2"
"dyn.load","closure","","TRUE","FALSE","(x) ","base","NA","0.61.2"
"edit","closure","","TRUE","FALSE","(name = NULL, file = """", editor = options()$editor) ","base","NA","0.61.2"
"effects","closure","","TRUE","FALSE","(x, ...) ","base","NA","0.61.2"
"effects.glm","closure","","TRUE","FALSE","(object) ","base","NA","0.61.2"
"effects.lm","closure","","TRUE","FALSE","(z, term) ","base","NA","0.61.2"
"eigen","closure","","TRUE","FALSE","(x, symmetric, only.values = FALSE) ","base","NA","0.61.2"
"emacs","closure","","TRUE","FALSE","(name = NULL, file = """") ","base","NA","0.61.2"
"end","closure","","TRUE","FALSE","(x, ...) ","base","NA","0.61.2"
"end.default","closure","","TRUE","FALSE","(x) ","base","NA","0.61.2"
"end.ts","closure","","TRUE","FALSE","(x) ","base","NA","0.61.2"
"environment","closure","","TRUE","FALSE","(fun = NULL) ","base","NA","0.61.2"
"environment<-","builtin","","TRUE","NA","","base","NA","0.61.2"
"eval","closure","","TRUE","FALSE","(expr, envir = sys.frame(sys.parent())) ","base","NA","0.61.2"
"exists","closure","","TRUE","FALSE","(x, where = -1, envir = pos.to.env(where), frame, mode = ""any"",         inherits = TRUE) ","base","NA","0.61.2"
"exp","builtin","","TRUE","NA","","base","NA","0.61.2"
"expression","special","","TRUE","NA","","base","NA","0.61.2"
"factor","closure","","TRUE","FALSE","(x, levels = sort(unique(x), na.last = TRUE), labels,         exclude = NA, ordered = FALSE) ","base","NA","0.61.2"
"family","closure","","TRUE","FALSE","(x, ...) ","base","NA","0.61.2"
"family.glm","closure","","TRUE","FALSE","(object) ","base","NA","0.61.2"
"family.lm","closure","","TRUE","FALSE","(x) ","base","NA","0.61.2"
"fft","closure","","TRUE","FALSE","(z, inverse = FALSE) ","base","NA","0.61.2"
"fitted","closure","","TRUE","FALSE","(x, ...) ","base","NA","0.61.2"
"fitted.values","closure","","TRUE","FALSE","(x, ...) ","base","NA","0.61.2"
"fitted.values.glm","closure","","TRUE","FALSE","(object) ","base","NA","0.61.2"
"fitted.values.lm","closure","","TRUE","FALSE","(z) ","base","NA","0.61.2"
"fivenum","closure","","TRUE","FALSE","(x, na.rm = TRUE) ","base","NA","0.61.2"
"fix","closure","","TRUE","FALSE","(x) ","base","NA","0.61.2"
"floor","builtin","","TRUE","NA","","base","NA","0.61.2"
"for","special","","TRUE","NA","","base","NA","0.61.2"
"formals","closure","","TRUE","FALSE","(fun = sys.function(sys.parent())) ","base","NA","0.61.2"
"format","closure","","TRUE","FALSE","(x, ...) ","base","NA","0.61.2"
"format.default","closure","","TRUE","FALSE","(x, trim = FALSE, digits = .Options$digits) ","base","NA","0.61.2"
"format.info","builtin","","TRUE","NA","","base","NA","0.61.2"
"formatC","closure","","TRUE","FALSE","(x, digits = NULL, width = max(0, digits) + 1, format = NULL,         flag = """", mode = NULL) ","base","NA","0.61.2"
"formula","closure","","TRUE","FALSE","(x, ...) ","base","NA","0.61.2"
"formula.default","closure","","TRUE","FALSE","(x) ","base","NA","0.61.2"
"formula.formula","closure","","TRUE","FALSE","(x) ","base","NA","0.61.2"
"formula.lm","closure","","TRUE","FALSE","(x) ","base","NA","0.61.2"
"formula.terms","closure","","TRUE","FALSE","(x) ","base","NA","0.61.2"
"frame","closure","","TRUE","FALSE","(ask = NA) ","base","NA","0.61.2"
"frame.cvt","closure","","TRUE","FALSE","(x, as.is = FALSE) ","base","NA","0.61.2"
"frequency","closure","","TRUE","FALSE","(x, ...) ","base","NA","0.61.2"
"frequency.default","closure","","TRUE","FALSE","(x) ","base","NA","0.61.2"
"frequency.ts","closure","","TRUE","FALSE","(x) ","base","NA","0.61.2"
"function","special","","TRUE","NA","","base","NA","0.61.2"
"gamma","builtin","","TRUE","NA","","base","NA","0.61.2"
"gaussian","closure","","TRUE","FALSE","() ","base","NA","0.61.2"
"gc","builtin","","TRUE","NA","","base","NA","0.61.2"
"gcinfo","builtin","","TRUE","NA","","base","NA","0.61.2"
"get","closure","","TRUE","FALSE","(x, pos = -1, envir = pos.to.env(pos), mode = ""any"",         inherits = TRUE) ","base","NA","0.61.2"
"getenv","closure","","TRUE","FALSE","(x) ","base","NA","0.61.2"
"gl","closure","","TRUE","FALSE","(n, k, length = n * k, labels = 1:n, ordered = FALSE) ","base","NA","0.61.2"
"glm","closure","","TRUE","FALSE","(formula, family = gaussian, data = list(), weights = NULL,         subset = NULL, na.action = na.fail, start = NULL, offset = NULL,         control = glm.control(epsilon = 1e-04, maxit = 10, trace = FALSE),         model = TRUE, method = ""glm.fit"", x = FALSE, y = TRUE) ","base","NA","0.61.2"
"glm.control","closure","","TRUE","FALSE","(epsilon = 1e-04, maxit = 10, trace = FALSE) ","base","NA","0.61.2"
"glm.fit","closure","","TRUE","FALSE","(x, y, weights = rep(1, nobs), start = NULL, offset = rep(0,         nobs), family = gaussian(), control = glm.control(),         intercept = TRUE) ","base","NA","0.61.2"
"glm.fit.null","closure","","TRUE","FALSE","(x, y, weights = rep(1, nobs), start = NULL, offset = rep(0,         nobs), family = gaussian(), control = glm.control(),         intercept = NULL) ","base","NA","0.61.2"
"globalenv","builtin","","TRUE","NA","","base","NA","0.61.2"
"graphics.off","builtin","","TRUE","NA","","base","NA","0.61.2"
"gray","builtin","","TRUE","NA","","base","NA","0.61.2"
"grep","closure","","TRUE","FALSE","(pattern, x, ignore.case = FALSE, extended = TRUE, value = FALSE) ","base","NA","0.61.2"
"grid","closure","","TRUE","FALSE","(nx = 3, ny = 3, col = ""lightgray"", lty = ""dotted"") ","base","NA","0.61.2"
"gsub","closure","","TRUE","FALSE","(pattern, replacement, x, ignore.case = FALSE, extended = TRUE) ","base","NA","0.61.2"
"hat","closure","","TRUE","FALSE","(x, intercept = TRUE) ","base","NA","0.61.2"
"heat.colors","closure","","TRUE","FALSE","(n) ","base","NA","0.61.2"
"help","closure","","TRUE","FALSE","(topic, package = .packages(), lib.loc = .lib.loc) ","base","NA","0.61.2"
"help.start","closure","","TRUE","FALSE","(gui = ""irrelevant"", browser = ""netscape"") ","base","NA","0.61.2"
"hist","closure","","TRUE","FALSE","(x, ...) ","base","NA","0.61.2"
"hist.default","closure","","TRUE","FALSE","(x, breaks, freq = NULL, probability = !freq, include.lowest = TRUE,         col = NULL, border = par(""fg""), main = paste(""Histogram of"",                 deparse(substitute(x))), xlim = range(breaks),         ylim = range(y, 0), xlab = deparse(substitute(x)), ylab,         axes = TRUE, plot = TRUE, labels = FALSE, ...) ","base","NA","0.61.2"
"hsv","closure","","TRUE","FALSE","(h = 1, s = 1, v = 1, gamma = 1) ","base","NA","0.61.2"
"identify","closure","","TRUE","FALSE","(x, y = NULL, labels = seq(along = x), pos = FALSE,         ...) ","base","NA","0.61.2"
"if","special","","TRUE","NA","","base","NA","0.61.2"
"ifelse","closure","","TRUE","FALSE","(test, yes, no) ","base","NA","0.61.2"
"image","closure","","TRUE","FALSE","(x = seq(0, 1, len = nrow(z)), y = seq(0, 1, len = ncol(z)),         z, zlim = range(z, na.rm = TRUE), col = heat.colors(12),         add = FALSE, xaxs = ""i"", yaxs = ""i"", xlab, ylab, ...) ","base","NA","0.61.2"
"influence.measures","closure","","TRUE","FALSE","(lm.obj) ","base","NA","0.61.2"
"inherits","closure","","TRUE","FALSE","(x, name) ","base","NA","0.61.2"
"integer","closure","","TRUE","FALSE","(n = 0) ","base","NA","0.61.2"
"interactive","special","","TRUE","NA","","base","NA","0.61.2"
"inverse.gaussian","closure","","TRUE","FALSE","() ","base","NA","0.61.2"
"invisible","builtin","","TRUE","NA","","base","NA","0.61.2"
"is.array","builtin","","TRUE","NA","","base","NA","0.61.2"
"is.atomic","builtin","","TRUE","NA","","base","NA","0.61.2"
"is.call","builtin","","TRUE","NA","","base","NA","0.61.2"
"is.character","builtin","","TRUE","NA","","base","NA","0.61.2"
"is.complex","builtin","","TRUE","NA","","base","NA","0.61.2"
"is.data.frame","builtin","","TRUE","NA","","base","NA","0.61.2"
"is.double","builtin","","TRUE","NA","","base","NA","0.61.2"
"is.empty.model","closure","","TRUE","FALSE","(x) ","base","NA","0.61.2"
"is.environment","builtin","","TRUE","NA","","base","NA","0.61.2"
"is.expression","builtin","","TRUE","NA","","base","NA","0.61.2"
"is.factor","builtin","","TRUE","NA","","base","NA","0.61.2"
"is.finite","closure","","TRUE","FALSE","(x) ","base","NA","0.61.2"
"is.function","builtin","","TRUE","NA","","base","NA","0.61.2"
"is.integer","builtin","","TRUE","NA","","base","NA","0.61.2"
"is.language","builtin","","TRUE","NA","","base","NA","0.61.2"
"is.list","builtin","","TRUE","NA","","base","NA","0.61.2"
"is.loaded","builtin","","TRUE","NA","","base","NA","0.61.2"
"is.logical","builtin","","TRUE","NA","","base","NA","0.61.2"
"is.matrix","builtin","","TRUE","NA","","base","NA","0.61.2"
"is.na","builtin","","TRUE","NA","","base","NA","0.61.2"
"is.na.data.frame","closure","","TRUE","FALSE","(x) ","base","NA","0.61.2"
"is.name","builtin","","TRUE","NA","","base","NA","0.61.2"
"is.null","builtin","","TRUE","NA","","base","NA","0.61.2"
"is.numeric","builtin","","TRUE","NA","","base","NA","0.61.2"
"is.object","builtin","","TRUE","NA","","base","NA","0.61.2"
"is.ordered","builtin","","TRUE","NA","","base","NA","0.61.2"
"is.qr","closure","","TRUE","FALSE","(x) ","base","NA","0.61.2"
"is.real","builtin","","TRUE","NA","","base","NA","0.61.2"
"is.recursive","builtin","","TRUE","NA","","base","NA","0.61.2"
"is.single","builtin","","TRUE","NA","","base","NA","0.61.2"
"is.symbol","closure","","TRUE","FALSE","(x) ","base","NA","0.61.2"
"is.ts","closure","","TRUE","FALSE","(x) ","base","NA","0.61.2"
"is.unordered","builtin","","TRUE","NA","","base","NA","0.61.2"
"is.vector","closure","","TRUE","FALSE","(x, mode = ""any"") ","base","NA","0.61.2"
"lapply","closure","","TRUE","FALSE","(x, FUN, ...) ","base","NA","0.61.2"
"lbeta","builtin","","TRUE","NA","","base","NA","0.61.2"
"lchoose","builtin","","TRUE","NA","","base","NA","0.61.2"
"legend","closure","","TRUE","FALSE","(x, y, legend, fill, col = ""black"", lty, pch, bty = ""o"",         bg = par(""bg""), cex = 1, xjust = 0, yjust = 1, x.intersp = NULL,         y.intersp = NULL, text.width = NULL, merge = FALSE) ","base","NA","0.61.2"
"length","builtin","","TRUE","NA","","base","NA","0.61.2"
"length<-","builtin","","TRUE","NA","","base","NA","0.61.2"
"letters","character","","TRUE","FALSE","NA","base","NA","0.61.2"
"levels","builtin","","TRUE","NA","","base","NA","0.61.2"
"levels<-","builtin","","TRUE","NA","","base","NA","0.61.2"
"lgamma","builtin","","TRUE","NA","","base","NA","0.61.2"
"lib.fixup","builtin","","TRUE","NA","","base","NA","0.61.2"
"library","closure","","TRUE","FALSE","(name, help, lib.loc = .lib.loc, character.only = FALSE,         logical.return = FALSE) ","base","NA","0.61.2"
"library.dynam","closure","","TRUE","FALSE","(name, package = .packages(), lib.loc = .lib.loc) ","base","NA","0.61.2"
"license","closure","","TRUE","FALSE","() ","base","NA","0.61.2"
"lines","closure","","TRUE","FALSE","(x, ...) ","base","NA","0.61.2"
"lines.default","closure","","TRUE","FALSE","(x, y = NULL, type = ""l"", col = par(""col""), ...) ","base","NA","0.61.2"
"list","builtin","","TRUE","NA","","base","NA","0.61.2"
"lm","closure","","TRUE","FALSE","(formula, data = list(), subset, weights, na.action,         method = ""qr"", model = TRUE, singular.ok = TRUE, ...) ","base","NA","0.61.2"
"lm.fit","closure","","TRUE","FALSE","(x, y, method = ""qr"", tol = 1e-07, ...) ","base","NA","0.61.2"
"lm.influence","closure","","TRUE","FALSE","(lm.obj) ","base","NA","0.61.2"
"lm.wfit","closure","","TRUE","FALSE","(x, y, w, method = ""qr"", tol = 1e-07, ...) ","base","NA","0.61.2"
"load","closure","","TRUE","FALSE","(file) ","base","NA","0.61.2"
"locator","closure","","TRUE","FALSE","(n = 1) ","base","NA","0.61.2"
"log","builtin","","TRUE","NA","","base","NA","0.61.2"
"log10","closure","","TRUE","FALSE","(x) ","base","NA","0.61.2"
"log2","closure","","TRUE","FALSE","(x) ","base","NA","0.61.2"
"logical","closure","","TRUE","FALSE","(n = 0) ","base","NA","0.61.2"
"lower.tri","closure","","TRUE","FALSE","(x, diag = FALSE) ","base","NA","0.61.2"
"lowess","closure","","TRUE","FALSE","(x, y = NULL, f = 2/3, iter = 3, delta = 0.01 * diff(range(xy$x[o]))) ","base","NA","0.61.2"
"ls","closure","","TRUE","FALSE","(name, pos = -1, envir = pos.to.env(pos), all.names = FALSE,         pattern) ","base","NA","0.61.2"
"ls.diag","closure","","TRUE","FALSE","(ls.out) ","base","NA","0.61.2"
"ls.print","closure","","TRUE","FALSE","(ls.out, digits = 4, print.it = TRUE) ","base","NA","0.61.2"
"ls.str","closure","","TRUE","FALSE","(..., mode = ""any"", max.level = 1, give.attr = FALSE) ","base","NA","0.61.2"
"lsf.str","closure","","TRUE","FALSE","(...) ","base","NA","0.61.2"
"lsfit","closure","","TRUE","FALSE","(x, y, wt = NULL, intercept = TRUE, tolerance = 1e-07,         yname = NULL) ","base","NA","0.61.2"
"machine","builtin","","TRUE","NA","","base","NA","0.61.2"
"macintosh","closure","","TRUE","FALSE","() ","base","NA","0.61.2"
"mad","closure","","TRUE","FALSE","(y, center, constant = 1.4826, na.rm = FALSE) ","base","NA","0.61.2"
"make.link","closure","","TRUE","FALSE","(link) ","base","NA","0.61.2"
"mat.or.vec","closure","","TRUE","FALSE","(nr, nc) ","base","NA","0.61.2"
"match","closure","","TRUE","FALSE","(x, table, nomatch = NA) ","base","NA","0.61.2"
"match.arg","closure","","TRUE","FALSE","(arg, choices) ","base","NA","0.61.2"
"match.call","closure","","TRUE","FALSE","(definition = NULL, call = sys.call(sys.parent()), expand.dots = T) ","base","NA","0.61.2"
"matlines","closure","","TRUE","FALSE","(x, y, lty = 1:5, pch = NULL, col = 1:6, ...) ","base","NA","0.61.2"
"matplot","closure","","TRUE","FALSE","(x, y, type = ""p"", lty = 1:5, pch = NULL, col = 1:6,         xlab = NULL, ylab = NULL, xlim = NULL, ylim = NULL, ...,         add = FALSE, verbose = FALSE) ","base","NA","0.61.2"
"matpoints","closure","","TRUE","FALSE","(x, y, lty = 1:5, pch = NULL, col = 1:6, ...) ","base","NA","0.61.2"
"matrix","closure","","TRUE","FALSE","(data = NA, nrow = 1, ncol = 1, byrow = FALSE, dimnames = NULL) ","base","NA","0.61.2"
"max","closure","","TRUE","FALSE","(..., na.rm = FALSE) ","base","NA","0.61.2"
"mean","closure","","TRUE","FALSE","(x, trim = 0, na.rm = FALSE) ","base","NA","0.61.2"
"median","closure","","TRUE","FALSE","(x, na.rm = FALSE) ","base","NA","0.61.2"
"menu","closure","","TRUE","FALSE","(x) ","base","NA","0.61.2"
"methods","closure","","TRUE","FALSE","(generic.function, class) ","base","NA","0.61.2"
"min","closure","","TRUE","FALSE","(..., na.rm = FALSE) ","base","NA","0.61.2"
"missing","special","","TRUE","NA","","base","NA","0.61.2"
"mode","closure","","TRUE","FALSE","(x) ","base","NA","0.61.2"
"mode<-","closure","","TRUE","FALSE","(x, value) ","base","NA","0.61.2"
"model.data.frame","closure","","TRUE","FALSE","(...) ","base","NA","0.61.2"
"model.extract","closure","","TRUE","FALSE","(frame, component) ","base","NA","0.61.2"
"model.frame","closure","","TRUE","FALSE","(x, ...) ","base","NA","0.61.2"
"model.frame.default","closure","","TRUE","FALSE","(formula, data = NULL, subset = NULL, na.action = na.fail,         ...) ","base","NA","0.61.2"
"model.frame.lm","closure","","TRUE","FALSE","(formula, data, na.action, ...) ","base","NA","0.61.2"
"model.matrix","closure","","TRUE","FALSE","(object, ...) ","base","NA","0.61.2"
"model.matrix.default","closure","","TRUE","FALSE","(formula, data, contrasts = NULL) ","base","NA","0.61.2"
"model.offset","closure","","TRUE","FALSE","(x) ","base","NA","0.61.2"
"model.response","closure","","TRUE","FALSE","(data, type = ""numeric"") ","base","NA","0.61.2"
"model.weights","closure","","TRUE","FALSE","(x) ","base","NA","0.61.2"
"month.abb","character","","TRUE","FALSE","NA","base","NA","0.61.2"
"month.name","character","","TRUE","FALSE","NA","base","NA","0.61.2"
"mtext","closure","","TRUE","FALSE","(text, side = 3, line = 0, outer = FALSE, at = NULL,         ...) ","base","NA","0.61.2"
"mvfft","closure","","TRUE","FALSE","(z, inverse = FALSE) ","base","NA","0.61.2"
"na.action","closure","","TRUE","FALSE","(x, ...) ","base","NA","0.61.2"
"na.action.default","closure","","TRUE","FALSE","(x) ","base","NA","0.61.2"
"na.fail","closure","","TRUE","FALSE","(frame) ","base","NA","0.61.2"
"na.omit","closure","","TRUE","FALSE","(frame) ","base","NA","0.61.2"
"names","closure","","TRUE","FALSE","(x, ...) ","base","NA","0.61.2"
"names.default","closure","","TRUE","FALSE","(x) ","base","NA","0.61.2"
"names<-","closure","","TRUE","FALSE","(x, ...) ","base","NA","0.61.2"
"names<-.default","closure","","TRUE","FALSE","(x, n) ","base","NA","0.61.2"
"nargs","special","","TRUE","NA","","base","NA","0.61.2"
"nchar","builtin","","TRUE","NA","","base","NA","0.61.2"
"ncol","closure","","TRUE","FALSE","(x) ","base","NA","0.61.2"
"next","special","","TRUE","NA","","base","NA","0.61.2"
"nextn","closure","","TRUE","FALSE","(n, factors = c(2, 3, 5)) ","base","NA","0.61.2"
"nlevels","builtin","","TRUE","NA","","base","NA","0.61.2"
"nlm","closure","","TRUE","FALSE","(f, p, hessian = FALSE, typsize = rep(1, length(p)),         fscale = 1, print.level = 0, ndigit = 12, gradtol = 1e-06,         stepmax = max(1000 * sqrt(sum((p/typsize)^2)), 1000),         steptol = 1e-06, iterlim = 100) ","base","NA","0.61.2"
"noquote","closure","","TRUE","FALSE","(obj) ","base","NA","0.61.2"
"nrow","closure","","TRUE","FALSE","(x) ","base","NA","0.61.2"
"numeric","closure","","TRUE","FALSE","(n = 0) ","base","NA","0.61.2"
"objects","closure","","TRUE","FALSE","(name, pos = -1, envir = pos.to.env(pos), all.names = FALSE,         pattern) ","base","NA","0.61.2"
"offset","closure","","TRUE","FALSE","(x) ","base","NA","0.61.2"
"on.exit","special","","TRUE","NA","","base","NA","0.61.2"
"optimise","closure","","TRUE","FALSE","(f, interval, lower = min(interval), upper = max(interval),         maximum = FALSE, tol = .Machine$double.eps^0.25, ...) ","base","NA","0.61.2"
"optimize","closure","","TRUE","FALSE","(f, interval, lower = min(interval), upper = max(interval),         maximum = FALSE, tol = .Machine$double.eps^0.25, ...) ","base","NA","0.61.2"
"options","closure","","TRUE","FALSE","(...) ","base","NA","0.61.2"
"order","builtin","","TRUE","NA","","base","NA","0.61.2"
"ordered","closure","","TRUE","FALSE","(x, levels = sort(unique(x), na.last = TRUE), labels,         exclude = NA, ordered = TRUE) ","base","NA","0.61.2"
"outer","closure","","TRUE","FALSE","(x, y, FUN = ""*"", ...) ","base","NA","0.61.2"
"pairs","closure","","TRUE","FALSE","(x, labels, panel = points, main = NULL, font.main = par(""font.main""),         cex.main = par(""cex.main""), ...) ","base","NA","0.61.2"
"palette","closure","","TRUE","FALSE","(value) ","base","NA","0.61.2"
"panel.smooth","closure","","TRUE","FALSE","(x, y, col, pch, f = 2/3, iter = 3, ...) ","base","NA","0.61.2"
"par","closure","","TRUE","FALSE","(...) ","base","NA","0.61.2"
"par2","closure","","TRUE","FALSE","(...) ","base","NA","0.61.2"
"parse","closure","","TRUE","FALSE","(file = """", n = NULL, text = NULL, prompt = NULL, white = FALSE) ","base","NA","0.61.2"
"paste","closure","","TRUE","FALSE","(..., sep = "" "", collapse = NULL) ","base","NA","0.61.2"
"pbeta","closure","","TRUE","FALSE","(q, a, b) ","base","NA","0.61.2"
"pbinom","closure","","TRUE","FALSE","(q, n, p) ","base","NA","0.61.2"
"pcauchy","closure","","TRUE","FALSE","(q, location = 0, scale = 1) ","base","NA","0.61.2"
"pchisq","closure","","TRUE","FALSE","(q, df) ","base","NA","0.61.2"
"pentagamma","builtin","","TRUE","NA","","base","NA","0.61.2"
"pexp","closure","","TRUE","FALSE","(q, rate = 1) ","base","NA","0.61.2"
"pf","closure","","TRUE","FALSE","(q, n1, n2) ","base","NA","0.61.2"
"pgamma","closure","","TRUE","FALSE","(q, shape, scale = 1) ","base","NA","0.61.2"
"pgeom","closure","","TRUE","FALSE","(q, p) ","base","NA","0.61.2"
"phyper","closure","","TRUE","FALSE","(q, N1, N2, n) ","base","NA","0.61.2"
"pi","real","","TRUE","FALSE","NA","base","NA","0.61.2"
"pictex","closure","","TRUE","FALSE","(file = ""Rplots.tex"", width = 5, height = 4, debug = FALSE,         bg = ""white"", fg = ""black"") ","base","NA","0.61.2"
"piechart","closure","","TRUE","FALSE","(x, labels = names(x), edges = 200, radius = 0.8, col = NULL,         main = NULL, ...) ","base","NA","0.61.2"
"plnorm","closure","","TRUE","FALSE","(q, meanlog = 0, sdlog = 1) ","base","NA","0.61.2"
"plogis","closure","","TRUE","FALSE","(q, location = 0, scale = 1) ","base","NA","0.61.2"
"plot","closure","","TRUE","FALSE","(x, ...) ","base","NA","0.61.2"
"plot.data.frame","closure","","TRUE","FALSE","(x, ...) ","base","NA","0.61.2"
"plot.default","closure","","TRUE","FALSE","(x, y = NULL, type = ""p"", col = par(""fg""), bg = NA,         pch = par(""pch""), xlim = NULL, ylim = NULL, log = """",         axes = TRUE, frame.plot = axes, panel.first = NULL, panel.last = NULL,         ann = par(""ann""), main = NULL, xlab = NULL, ylab = NULL,         cex = par(""cex""), lty = par(""lty""), lwd = par(""lwd""),         ...) ","base","NA","0.61.2"
"plot.density","closure","","TRUE","FALSE","(s, main = """", xlab = NULL, ylab = ""Density"", type = ""l"",         ...) ","base","NA","0.61.2"
"plot.factor","closure","","TRUE","FALSE","(x, y, ...) ","base","NA","0.61.2"
"plot.lm","closure","","TRUE","FALSE","(...) ","base","NA","0.61.2"
"plot.new","closure","","TRUE","FALSE","(ask = NA) ","base","NA","0.61.2"
"plot.ts","closure","","TRUE","FALSE","(x, type = ""l"", xlim, ylim, xlab = ""Time"", ylab, log = """",         col = par(""col""), bg = NA, pch = par(""pch""), lty = par(""lty""),         axes = TRUE, frame.plot = axes, ann = par(""ann""), main = NULL,         ...) ","base","NA","0.61.2"
"plot.window","builtin","","TRUE","NA","","base","NA","0.61.2"
"plot.xy","closure","","TRUE","FALSE","(xy, type, pch = 1, lty = ""solid"", col = par(""fg""),         bg = NA, cex = 1, ...) ","base","NA","0.61.2"
"pmatch","closure","","TRUE","FALSE","(x, table, nomatch = NA) ","base","NA","0.61.2"
"pmax","closure","","TRUE","FALSE","(..., na.rm = FALSE) ","base","NA","0.61.2"
"pmin","closure","","TRUE","FALSE","(..., na.rm = FALSE) ","base","NA","0.61.2"
"pnbinom","closure","","TRUE","FALSE","(q, n, p) ","base","NA","0.61.2"
"pnchisq","closure","","TRUE","FALSE","(q, df, lambda) ","base","NA","0.61.2"
"pnorm","closure","","TRUE","FALSE","(q, mean = 0, sd = 1) ","base","NA","0.61.2"
"points","closure","","TRUE","FALSE","(x, ...) ","base","NA","0.61.2"
"points.default","closure","","TRUE","FALSE","(x, y = NULL, type = ""p"", pch = 1, col = ""black"", bg = NA,         cex = 1, ...) ","base","NA","0.61.2"
"poisson","closure","","TRUE","FALSE","(link = ""log"") ","base","NA","0.61.2"
"polygon","closure","","TRUE","FALSE","(x, y = NULL, border = par(""fg""), ...) ","base","NA","0.61.2"
"polyroot","builtin","","TRUE","NA","","base","NA","0.61.2"
"pos.to.env","builtin","","TRUE","NA","","base","NA","0.61.2"
"postscript","closure","","TRUE","FALSE","(file = ""Rplots.ps"", ...) ","base","NA","0.61.2"
"power","closure","","TRUE","FALSE","(lambda = 1) ","base","NA","0.61.2"
"ppoints","closure","","TRUE","FALSE","(x) ","base","NA","0.61.2"
"ppois","closure","","TRUE","FALSE","(q, lambda) ","base","NA","0.61.2"
"predict","closure","","TRUE","FALSE","(fit, ...) ","base","NA","0.61.2"
"predict.default","closure","","TRUE","FALSE","(object, ...) ","base","NA","0.61.2"
"predict.lm","closure","","TRUE","FALSE","(object, newdata = model.frame(object), conf.level = 0.95,         tol.level = conf.level) ","base","NA","0.61.2"
"pretty","closure","","TRUE","FALSE","(x, n = 5, shrink.sml = 2^-3) ","base","NA","0.61.2"
"print","closure","","TRUE","FALSE","(x, ...) ","base","NA","0.61.2"
"print.anova.glm","closure","","TRUE","FALSE","(x, digits = max(3, .Options$digits - 3), na.print = """",         ...) ","base","NA","0.61.2"
"print.anova.lm","closure","","TRUE","FALSE","(x, digits = max(3, .Options$digits - 3), ...) ","base","NA","0.61.2"
"print.atomic","closure","","TRUE","FALSE","(x, quote = TRUE, ...) ","base","NA","0.61.2"
"print.data.frame","builtin","","TRUE","NA","","base","NA","0.61.2"
"print.default","closure","","TRUE","FALSE","(x, digits = NULL, quote = TRUE, na.print = NULL, print.gap = NULL,         ...) ","base","NA","0.61.2"
"print.density","closure","","TRUE","FALSE","(x, digits = NULL, ...) ","base","NA","0.61.2"
"print.family","closure","","TRUE","FALSE","(x, ...) ","base","NA","0.61.2"
"print.formula","closure","","TRUE","FALSE","(x) ","base","NA","0.61.2"
"print.glm","closure","","TRUE","FALSE","(x, digits = max(3, .Options$digits - 3), na.print = """",         ...) ","base","NA","0.61.2"
"print.glm.null","closure","","TRUE","FALSE","(x, digits = max(3, .Options$digits - 3), na.print = """",         ...) ","base","NA","0.61.2"
"print.htest","closure","","TRUE","FALSE","(x, digits = 4, quote = T, prefix = """") ","base","NA","0.61.2"
"print.infl","closure","","TRUE","FALSE","(infobj, digits = max(3, .Options$digits - 4), ...) ","base","NA","0.61.2"
"print.lm","closure","","TRUE","FALSE","(x, digits = max(3, .Options$digits - 3), ...) ","base","NA","0.61.2"
"print.lm.null","closure","","TRUE","FALSE","(x, digits = max(3, .Options$digits - 3), ...) ","base","NA","0.61.2"
"print.noquote","closure","","TRUE","FALSE","(obj, ...) ","base","NA","0.61.2"
"print.plot","builtin","","TRUE","NA","","base","NA","0.61.2"
"print.summary.glm","closure","","TRUE","FALSE","(x, digits = max(3, .Options$digits - 3), roundfun = round,         na.print = """", ...) ","base","NA","0.61.2"
"print.summary.glm.null","closure","","TRUE","FALSE","(x, digits = max(3, .Options$digits - 3), na.print = """",         ...) ","base","NA","0.61.2"
"print.summary.lm","closure","","TRUE","FALSE","(x, digits = max(3, .Options$digits - 3), roundfun = round,         ...) ","base","NA","0.61.2"
"print.summary.lm.null","closure","","TRUE","FALSE","(x, digits = max(3, .Options$digits - 3), ...) ","base","NA","0.61.2"
"print.table","closure","","TRUE","FALSE","(x, digits = .Options$digits, quote = FALSE, na.print = """",         ...) ","base","NA","0.61.2"
"print.tabular","closure","","TRUE","FALSE","(table, digits = max(3, .Options$digits - 3), na.print = """") ","base","NA","0.61.2"
"print.terms","closure","","TRUE","FALSE","(x) ","base","NA","0.61.2"
"print.ts","closure","","TRUE","FALSE","(x, calendar, ...) ","base","NA","0.61.2"
"prmatrix","closure","","TRUE","FALSE","(x, rowlab = character(0), collab = character(0), quote = TRUE,         right = FALSE) ","base","NA","0.61.2"
"proc.time","builtin","","TRUE","NA","","base","NA","0.61.2"
"prod","closure","","TRUE","FALSE","(..., na.rm = FALSE) ","base","NA","0.61.2"
"prompt","closure","","TRUE","FALSE","(object, ...) ","base","NA","0.61.2"
"prompt.default","closure","","TRUE","FALSE","(object, filename = paste0(name, "".Rd""), force.function = FALSE) ","base","NA","0.61.2"
"prop.test","closure","","TRUE","FALSE","(x, n, p = NULL, alternative = ""two.sided"", conf.level = 0.95,         correct = TRUE) ","base","NA","0.61.2"
"provide","closure","","TRUE","FALSE","(name) ","base","NA","0.61.2"
"ps.options","closure","","TRUE","FALSE","(file = ""Rplots.ps"", ..., reset = F) ","base","NA","0.61.2"
"pt","closure","","TRUE","FALSE","(q, df) ","base","NA","0.61.2"
"punif","closure","","TRUE","FALSE","(q, min = 0, max = 1) ","base","NA","0.61.2"
"pweibull","closure","","TRUE","FALSE","(q, shape, scale = 1) ","base","NA","0.61.2"
"q","closure","","TRUE","FALSE","(save = ""ask"") ","base","NA","0.61.2"
"qbeta","closure","","TRUE","FALSE","(p, a, b) ","base","NA","0.61.2"
"qbinom","closure","","TRUE","FALSE","(prob, n, p) ","base","NA","0.61.2"
"qcauchy","closure","","TRUE","FALSE","(p, location = 0, scale = 1) ","base","NA","0.61.2"
"qchisq","closure","","TRUE","FALSE","(p, df) ","base","NA","0.61.2"
"qexp","closure","","TRUE","FALSE","(p, rate = 1) ","base","NA","0.61.2"
"qf","closure","","TRUE","FALSE","(p, n1, n2) ","base","NA","0.61.2"
"qgamma","closure","","TRUE","FALSE","(p, shape, scale = 1) ","base","NA","0.61.2"
"qgeom","closure","","TRUE","FALSE","(prob, p) ","base","NA","0.61.2"
"qhyper","closure","","TRUE","FALSE","(p, N1, N2, n) ","base","NA","0.61.2"
"qlnorm","closure","","TRUE","FALSE","(p, meanlog = 0, sdlog = 1) ","base","NA","0.61.2"
"qlogis","closure","","TRUE","FALSE","(p, location = 0, scale = 1) ","base","NA","0.61.2"
"qnbinom","closure","","TRUE","FALSE","(prob, n, p) ","base","NA","0.61.2"
"qnchisq","closure","","TRUE","FALSE","(p, df, lambda) ","base","NA","0.61.2"
"qnorm","closure","","TRUE","FALSE","(p, mean = 0, sd = 1) ","base","NA","0.61.2"
"qpois","closure","","TRUE","FALSE","(p, lambda) ","base","NA","0.61.2"
"qqline","closure","","TRUE","FALSE","(y, ...) ","base","NA","0.61.2"
"qqnorm","closure","","TRUE","FALSE","(y, ylim, main = ""Normal Q-Q Plot"", xlab = ""Theoretical Quantiles"",         ylab = ""Sample Quantiles"", ...) ","base","NA","0.61.2"
"qqplot","closure","","TRUE","FALSE","(x, y, plot.it = TRUE, xlab = deparse(substitute(x)),         ylab = deparse(substitute(y)), ...) ","base","NA","0.61.2"
"qr","closure","","TRUE","FALSE","(x, tol = 1e-07) ","base","NA","0.61.2"
"qr.Q","closure","","TRUE","FALSE","(qr, complete = FALSE, Dvec = rep(if (cmplx) 1 + 0i else 1,         if (complete) dqr[1] else min(dqr))) ","base","NA","0.61.2"
"qr.R","closure","","TRUE","FALSE","(qr, complete = FALSE) ","base","NA","0.61.2"
"qr.X","closure","","TRUE","FALSE","(qr, complete = FALSE, ncol = if (complete) nrow(R) else min(dim(R))) ","base","NA","0.61.2"
"qr.coef","closure","","TRUE","FALSE","(qr, y) ","base","NA","0.61.2"
"qr.fitted","closure","","TRUE","FALSE","(qr, y, k = qr$rank) ","base","NA","0.61.2"
"qr.qty","closure","","TRUE","FALSE","(qr, y) ","base","NA","0.61.2"
"qr.qy","closure","","TRUE","FALSE","(qr, y) ","base","NA","0.61.2"
"qr.resid","closure","","TRUE","FALSE","(qr, y) ","base","NA","0.61.2"
"qr.solve","closure","","TRUE","FALSE","(a, b, tol = 1e-07) ","base","NA","0.61.2"
"qt","closure","","TRUE","FALSE","(p, df) ","base","NA","0.61.2"
"quantile","closure","","TRUE","FALSE","(x, probs = seq(0, 1, 0.25), na.rm = FALSE) ","base","NA","0.61.2"
"quasi","closure","","TRUE","FALSE","(link = ""identity"", variance = ""constant"") ","base","NA","0.61.2"
"quit","closure","","TRUE","FALSE","(save = ""ask"") ","base","NA","0.61.2"
"qunif","closure","","TRUE","FALSE","(p, min = 0, max = 1) ","base","NA","0.61.2"
"quote","closure","","TRUE","FALSE","(x) ","base","NA","0.61.2"
"qweibull","closure","","TRUE","FALSE","(p, shape, scale = 1) ","base","NA","0.61.2"
"rainbow","closure","","TRUE","FALSE","(n, s = 1, v = 1, start = 0, end = max(1, n - 1)/n,         gamma = 1) ","base","NA","0.61.2"
"range","closure","","TRUE","FALSE","(..., na.rm = FALSE) ","base","NA","0.61.2"
"rank","builtin","","TRUE","NA","","base","NA","0.61.2"
"rbeta","closure","","TRUE","FALSE","(n, a, b) ","base","NA","0.61.2"
"rbind","builtin","","TRUE","NA","","base","NA","0.61.2"
"rbinom","closure","","TRUE","FALSE","(nobs, n, p) ","base","NA","0.61.2"
"rcauchy","closure","","TRUE","FALSE","(n, location = 0, scale = 1) ","base","NA","0.61.2"
"rchisq","closure","","TRUE","FALSE","(n, df) ","base","NA","0.61.2"
"read.fwf","closure","","TRUE","FALSE","(file, widths, sep = "" "", as.is = FALSE, skip = 0, row.names,         col.names, ...) ","base","NA","0.61.2"
"read.table","closure","","TRUE","FALSE","(file, header = FALSE, sep = """", row.names, col.names,         as.is = FALSE, na.strings = ""NA"", skip = 0) ","base","NA","0.61.2"
"readline","builtin","","TRUE","NA","","base","NA","0.61.2"
"real","closure","","TRUE","FALSE","(n = 0) ","base","NA","0.61.2"
"rect","closure","","TRUE","FALSE","(xleft, ybottom, xright, ytop, col = NULL, border = par(""fg""),         lty = NULL, xpd = FALSE) ","base","NA","0.61.2"
"reformulate","closure","","TRUE","FALSE","(termlabels, response = NULL) ","base","NA","0.61.2"
"remove","closure","","TRUE","FALSE","(..., list = character(0), pos = -1, envir = pos.to.env(pos),         inherits = FALSE) ","base","NA","0.61.2"
"rep","closure","","TRUE","FALSE","(x, times, length.out) ","base","NA","0.61.2"
"repeat","special","","TRUE","NA","","base","NA","0.61.2"
"replace","closure","","TRUE","FALSE","(x, list, values) ","base","NA","0.61.2"
"require","closure","","TRUE","FALSE","(name, quietly = FALSE) ","base","NA","0.61.2"
"resid","closure","","TRUE","FALSE","(x, ...) ","base","NA","0.61.2"
"residuals","closure","","TRUE","FALSE","(x, ...) ","base","NA","0.61.2"
"residuals.glm","closure","","TRUE","FALSE","(object, type = ""deviance"") ","base","NA","0.61.2"
"residuals.lm","closure","","TRUE","FALSE","(z) ","base","NA","0.61.2"
"return","special","","TRUE","NA","","base","NA","0.61.2"
"rev","closure","","TRUE","FALSE","(x) ","base","NA","0.61.2"
"rexp","closure","","TRUE","FALSE","(n, rate = 1) ","base","NA","0.61.2"
"rf","closure","","TRUE","FALSE","(n, n1, n2) ","base","NA","0.61.2"
"rgamma","closure","","TRUE","FALSE","(n, shape, scale = 1) ","base","NA","0.61.2"
"rgb","closure","","TRUE","FALSE","(red, green, blue, names = NULL) ","base","NA","0.61.2"
"rgeom","closure","","TRUE","FALSE","(n, p) ","base","NA","0.61.2"
"rhyper","closure","","TRUE","FALSE","(nobs, N1, N2, n) ","base","NA","0.61.2"
"rlnorm","closure","","TRUE","FALSE","(n, meanlog = 0, sdlog = 1) ","base","NA","0.61.2"
"rlogis","closure","","TRUE","FALSE","(n, location = 0, scale = 1) ","base","NA","0.61.2"
"rm","closure","","TRUE","FALSE","(..., list = character(0), pos = -1, envir = pos.to.env(pos),         inherits = FALSE) ","base","NA","0.61.2"
"rnbinom","closure","","TRUE","FALSE","(nobs, n, p) ","base","NA","0.61.2"
"rnchisq","closure","","TRUE","FALSE","(n, df, lambda) ","base","NA","0.61.2"
"rnorm","closure","","TRUE","FALSE","(n, mean = 0, sd = 1) ","base","NA","0.61.2"
"round","builtin","","TRUE","NA","","base","NA","0.61.2"
"row","closure","","TRUE","FALSE","(x, as.factor = FALSE) ","base","NA","0.61.2"
"row.names","closure","","TRUE","FALSE","(x) ","base","NA","0.61.2"
"row.names<-","closure","","TRUE","FALSE","(x, value) ","base","NA","0.61.2"
"rownames","closure","","TRUE","FALSE","(x) ","base","NA","0.61.2"
"rownames<-","closure","","TRUE","FALSE","(x, value) ","base","NA","0.61.2"
"rpois","closure","","TRUE","FALSE","(n, lambda) ","base","NA","0.61.2"
"rstudent","closure","","TRUE","FALSE","(lm.obj) ","base","NA","0.61.2"
"rt","closure","","TRUE","FALSE","(n, df) ","base","NA","0.61.2"
"runif","closure","","TRUE","FALSE","(n, min = 0, max = 1) ","base","NA","0.61.2"
"rweibull","closure","","TRUE","FALSE","(n, shape, scale = 1) ","base","NA","0.61.2"
"sample","closure","","TRUE","FALSE","(x, size, replace = FALSE) ","base","NA","0.61.2"
"sapply","closure","","TRUE","FALSE","(X, FUN, ..., simplify = TRUE) ","base","NA","0.61.2"
"save","closure","","TRUE","FALSE","(..., list = character(0), file = """", ascii = FALSE) ","base","NA","0.61.2"
"save.plot","builtin","","TRUE","NA","","base","NA","0.61.2"
"scale","closure","","TRUE","FALSE","(x, center = TRUE, scale = TRUE) ","base","NA","0.61.2"
"scan","closure","","TRUE","FALSE","(file = """", what = 0, nmax = -1, sep = """", skip = 0,         nlines = 0, na.strings = ""NA"", flush = FALSE, strip.white = FALSE,         quiet = FALSE) ","base","NA","0.61.2"
"sd","closure","","TRUE","FALSE","(x, na.rm = FALSE) ","base","NA","0.61.2"
"search","builtin","","TRUE","NA","","base","NA","0.61.2"
"segments","closure","","TRUE","FALSE","(x0, y0, x1, y1, col = par(""fg""), lty = par(""lty"")) ","base","NA","0.61.2"
"seq","closure","","TRUE","FALSE","(from = 1, to = 1, by = ((to - from)/(length.out - 1)),         length.out = NULL, along.with = NULL) ","base","NA","0.61.2"
"sequence","closure","","TRUE","FALSE","(nvec) ","base","NA","0.61.2"
"sign","builtin","","TRUE","NA","","base","NA","0.61.2"
"signif","builtin","","TRUE","NA","","base","NA","0.61.2"
"sin","builtin","","TRUE","NA","","base","NA","0.61.2"
"sinh","builtin","","TRUE","NA","","base","NA","0.61.2"
"sink","builtin","","TRUE","NA","","base","NA","0.61.2"
"solve","closure","","TRUE","FALSE","(a, b, tol = 1e-07) ","base","NA","0.61.2"
"solve.qr","closure","","TRUE","FALSE","(a, b, tol = 1e-07) ","base","NA","0.61.2"
"sort","closure","","TRUE","FALSE","(x, partial = NULL, na.last = NA) ","base","NA","0.61.2"
"source","closure","","TRUE","FALSE","(file, local = FALSE, echo = debug, print.eval = echo,         debug = FALSE, max.deparse.length = 150) ","base","NA","0.61.2"
"spline","closure","","TRUE","FALSE","(x, y = NULL, n = 3 * length(x), method = ""fmm"", xmin = min(x),         xmax = max(x)) ","base","NA","0.61.2"
"splinefun","closure","","TRUE","FALSE","(x, y = NULL, method = ""fmm"") ","base","NA","0.61.2"
"split","closure","","TRUE","FALSE","(x, f) ","base","NA","0.61.2"
"split.data.frame","closure","","TRUE","FALSE","(x, f) ","base","NA","0.61.2"
"split.default","closure","","TRUE","FALSE","(x, f) ","base","NA","0.61.2"
"sqrt","builtin","","TRUE","NA","","base","NA","0.61.2"
"start","closure","","TRUE","FALSE","(x, ...) ","base","NA","0.61.2"
"start.default","closure","","TRUE","FALSE","(x) ","base","NA","0.61.2"
"start.ts","closure","","TRUE","FALSE","(x) ","base","NA","0.61.2"
"stat.anova","closure","","TRUE","FALSE","(table, test, scale, df.scale, n) ","base","NA","0.61.2"
"stem","closure","","TRUE","FALSE","(x, scale = 1, width = 80, atom = 1e-08) ","base","NA","0.61.2"
"stop","builtin","","TRUE","NA","","base","NA","0.61.2"
"storage.mode","closure","","TRUE","FALSE","(x) ","base","NA","0.61.2"
"storage.mode<-","closure","","TRUE","FALSE","(x, value) ","base","NA","0.61.2"
"str","closure","","TRUE","FALSE","(object, ...) ","base","NA","0.61.2"
"str.data.frame","closure","","TRUE","FALSE","(object, ...) ","base","NA","0.61.2"
"str.default","closure","","TRUE","FALSE","(object, max.level = 0, vec.len = 4, digits.d = 3, give.attr = TRUE,         give.length = TRUE, wid = .Options$width, nest.lev = 0,         indent.str = paste(rep("" "", max(0, nest.lev + 1)), collapse = "".."")) ","base","NA","0.61.2"
"strheight","closure","","TRUE","FALSE","(s, units = ""user"", cex = NULL) ","base","NA","0.61.2"
"stripplot","closure","","TRUE","FALSE","(x, method = ""overplot"", jitter = 0.1, offset = 1/3,         vertical = FALSE, group.names, xlim, ylim, main = """",         ylab = """", xlab = """", pch = 0, col = par(""fg""), cex = par(""cex"")) ","base","NA","0.61.2"
"strsplit","closure","","TRUE","FALSE","(x, split) ","base","NA","0.61.2"
"structure","closure","","TRUE","FALSE","(.Data, ...) ","base","NA","0.61.2"
"strwidth","closure","","TRUE","FALSE","(s, units = ""user"", cex = NULL) ","base","NA","0.61.2"
"sub","closure","","TRUE","FALSE","(pattern, replacement, x, ignore.case = FALSE, extended = TRUE) ","base","NA","0.61.2"
"subset","closure","","TRUE","FALSE","(x, ...) ","base","NA","0.61.2"
"subset.data.frame","closure","","TRUE","FALSE","(dfr, subset, select) ","base","NA","0.61.2"
"subset.default","closure","","TRUE","FALSE","(x, subset) ","base","NA","0.61.2"
"substitute","special","","TRUE","NA","","base","NA","0.61.2"
"substr","closure","","TRUE","FALSE","(x, start, stop) ","base","NA","0.61.2"
"substring","closure","","TRUE","FALSE","(text, first, last = 1e+06) ","base","NA","0.61.2"
"sum","closure","","TRUE","FALSE","(..., na.rm = FALSE) ","base","NA","0.61.2"
"summary","closure","","TRUE","FALSE","(x, ...) ","base","NA","0.61.2"
"summary.data.frame","closure","","TRUE","FALSE","(x, maxsum = 7, ...) ","base","NA","0.61.2"
"summary.default","closure","","TRUE","FALSE","(object, ..., digits = max(options()$digits - 3, 3)) ","base","NA","0.61.2"
"summary.factor","closure","","TRUE","FALSE","(x, maxsum = 100, ...) ","base","NA","0.61.2"
"summary.glm","closure","","TRUE","FALSE","(object, dispersion = NULL, correlation = FALSE, na.action = na.omit) ","base","NA","0.61.2"
"summary.glm.null","closure","","TRUE","FALSE","(object, dispersion = NULL, correlation = TRUE, na.action = na.omit) ","base","NA","0.61.2"
"summary.infl","closure","","TRUE","FALSE","(infobj, digits = max(2, .Options$digits - 5), ...) ","base","NA","0.61.2"
"summary.lm","closure","","TRUE","FALSE","(z, correlation = FALSE) ","base","NA","0.61.2"
"summary.lm.null","closure","","TRUE","FALSE","(z, correlation = FALSE) ","base","NA","0.61.2"
"summary.matrix","closure","","TRUE","FALSE","(x, ...) ","base","NA","0.61.2"
"svd","closure","","TRUE","FALSE","(x, nu = min(n, p), nv = min(n, p)) ","base","NA","0.61.2"
"sweep","closure","","TRUE","FALSE","(x, MARGIN, STATS, FUN = ""-"", ...) ","base","NA","0.61.2"
"switch","closure","","TRUE","FALSE","(EXPR, ...) ","base","NA","0.61.2"
"symbol.C","builtin","","TRUE","NA","","base","NA","0.61.2"
"symbol.For","builtin","","TRUE","NA","","base","NA","0.61.2"
"symnum","closure","","TRUE","FALSE","(x, cutpoints = c(0.3, 0.6, 0.8, 0.9, 0.95), symbols = c("" "",         ""."", "","", ""+"", ""*"", ""B""), na = ""?"", eps = 1e-05, corr = TRUE,         show.max = if (corr) ""1"", show.min = NULL, lower.triangular = corr &                 is.matrix(x)) ","base","NA","0.61.2"
"sys.call","closure","","TRUE","FALSE","(which = 0) ","base","NA","0.61.2"
"sys.calls","closure","","TRUE","FALSE","() ","base","NA","0.61.2"
"sys.frame","closure","","TRUE","FALSE","(which = 0) ","base","NA","0.61.2"
"sys.frames","closure","","TRUE","FALSE","() ","base","NA","0.61.2"
"sys.function","closure","","TRUE","FALSE","(which = 0) ","base","NA","0.61.2"
"sys.nframe","closure","","TRUE","FALSE","() ","base","NA","0.61.2"
"sys.on.exit","closure","","TRUE","FALSE","() ","base","NA","0.61.2"
"sys.parent","closure","","TRUE","FALSE","(n = 1) ","base","NA","0.61.2"
"sys.parents","closure","","TRUE","FALSE","() ","base","NA","0.61.2"
"sys.source","closure","","TRUE","FALSE","(file) ","base","NA","0.61.2"
"sys.status","closure","","TRUE","FALSE","() ","base","NA","0.61.2"
"system","closure","","TRUE","FALSE","(call, intern = FALSE) ","base","NA","0.61.2"
"system.date","closure","","TRUE","FALSE","() ","base","NA","0.61.2"
"system.file","closure","","TRUE","FALSE","(file, pkg = .packages(), lib = .lib.loc) ","base","NA","0.61.2"
"system.time","closure","","TRUE","FALSE","(expr) ","base","NA","0.61.2"
"t","closure","","TRUE","FALSE","(x) ","base","NA","0.61.2"
"t.data.frame","closure","","TRUE","FALSE","(x) ","base","NA","0.61.2"
"t.default","builtin","","TRUE","NA","","base","NA","0.61.2"
"t.test","closure","","TRUE","FALSE","(x, y = NULL, alternative = ""two.sided"", mu = 0, paired = FALSE,         var.equal = FALSE, conf.level = 0.95) ","base","NA","0.61.2"
"table","closure","","TRUE","FALSE","(x, ...) ","base","NA","0.61.2"
"tabulate","closure","","TRUE","FALSE","(bin, nbins = max(bin)) ","base","NA","0.61.2"
"tan","builtin","","TRUE","NA","","base","NA","0.61.2"
"tanh","builtin","","TRUE","NA","","base","NA","0.61.2"
"tapply","closure","","TRUE","FALSE","(x, INDEX, FUN = NULL, simplify = TRUE, ...) ","base","NA","0.61.2"
"tempfile","closure","","TRUE","FALSE","(pattern = ""file"") ","base","NA","0.61.2"
"terms","closure","","TRUE","FALSE","(x, ...) ","base","NA","0.61.2"
"terms.default","closure","","TRUE","FALSE","(x) ","base","NA","0.61.2"
"terms.formula","closure","","TRUE","FALSE","(x, specials = NULL, abb = NULL, data = NULL, keep.order = FALSE) ","base","NA","0.61.2"
"terms.terms","closure","","TRUE","FALSE","(x, ...) ","base","NA","0.61.2"
"terrain.colors","closure","","TRUE","FALSE","(n) ","base","NA","0.61.2"
"tetragamma","builtin","","TRUE","NA","","base","NA","0.61.2"
"text","closure","","TRUE","FALSE","(x, y = NULL, labels = seq(along = x), ...) ","base","NA","0.61.2"
"text.math","special","","TRUE","NA","","base","NA","0.61.2"
"time","closure","","TRUE","FALSE","(x, ...) ","base","NA","0.61.2"
"time.default","closure","","TRUE","FALSE","(x) ","base","NA","0.61.2"
"time.ts","closure","","TRUE","FALSE","(x) ","base","NA","0.61.2"
"title","closure","","TRUE","FALSE","(main = NULL, sub = NULL, xlab = NULL, ylab = NULL,         ...) ","base","NA","0.61.2"
"topo.colors","closure","","TRUE","FALSE","(n) ","base","NA","0.61.2"
"trace","builtin","","TRUE","NA","","base","NA","0.61.2"
"traceback","closure","","TRUE","FALSE","() ","base","NA","0.61.2"
"transform","closure","","TRUE","FALSE","(x, ...) ","base","NA","0.61.2"
"transform.data.frame","closure","","TRUE","FALSE","(dfr, ...) ","base","NA","0.61.2"
"transform.default","closure","","TRUE","FALSE","(x, ...) ","base","NA","0.61.2"
"trigamma","builtin","","TRUE","NA","","base","NA","0.61.2"
"trunc","closure","","TRUE","FALSE","(x) ","base","NA","0.61.2"
"ts","closure","","TRUE","FALSE","(data = NA, start = 1, end = numeric(0), frequency = 1,         deltat = 1, ts.eps = .Options$ts.eps) ","base","NA","0.61.2"
"tsp","closure","","TRUE","FALSE","(x) ","base","NA","0.61.2"
"tsp<-","closure","","TRUE","FALSE","(x, tsp) ","base","NA","0.61.2"
"typeof","builtin","","TRUE","NA","","base","NA","0.61.2"
"unclass","builtin","","TRUE","NA","","base","NA","0.61.2"
"undebug","builtin","","TRUE","NA","","base","NA","0.61.2"
"unique","builtin","","TRUE","NA","","base","NA","0.61.2"
"uniroot","closure","","TRUE","FALSE","(f, interval, lower = min(interval), upper = max(interval),         tol = .Machine$double.eps^0.25, ...) ","base","NA","0.61.2"
"unix.time","closure","","TRUE","FALSE","(expr) ","base","NA","0.61.2"
"unlink","closure","","TRUE","FALSE","(x) ","base","NA","0.61.2"
"unlist","special","","TRUE","NA","","base","NA","0.61.2"
"untrace","builtin","","TRUE","NA","","base","NA","0.61.2"
"update","closure","","TRUE","FALSE","(x, ...) ","base","NA","0.61.2"
"update.formula","builtin","","TRUE","NA","","base","NA","0.61.2"
"update.glm","closure","","TRUE","FALSE","(glm.obj, formula, data, weights, subset, na.action,         offset, family, x) ","base","NA","0.61.2"
"update.lm","closure","","TRUE","FALSE","(lm.obj, formula, data, weights, subset, na.action) ","base","NA","0.61.2"
"upper.tri","closure","","TRUE","FALSE","(x, diag = FALSE) ","base","NA","0.61.2"
"var","closure","","TRUE","FALSE","(x, y = x, na.rm = FALSE, use) ","base","NA","0.61.2"
"variable.names","closure","","TRUE","FALSE","(obj, ...) ","base","NA","0.61.2"
"variable.names.lm","closure","","TRUE","FALSE","(lm.obj, full = FALSE) ","base","NA","0.61.2"
"vector","builtin","","TRUE","NA","","base","NA","0.61.2"
"version","list","","TRUE","FALSE","NA","base","NA","0.61.2"
"vi","closure","","TRUE","FALSE","(name = NULL, file = """") ","base","NA","0.61.2"
"warning","builtin","","TRUE","NA","","base","NA","0.61.2"
"weighted.mean","closure","","TRUE","FALSE","(x, w, na.rm = FALSE) ","base","NA","0.61.2"
"weighted.residuals","closure","","TRUE","FALSE","(obj) ","base","NA","0.61.2"
"weights","closure","","TRUE","FALSE","(x, ...) ","base","NA","0.61.2"
"weights.lm","closure","","TRUE","FALSE","(z) ","base","NA","0.61.2"
"which","closure","","TRUE","FALSE","(x) ","base","NA","0.61.2"
"while","special","","TRUE","NA","","base","NA","0.61.2"
"window","closure","","TRUE","FALSE","(x, ...) ","base","NA","0.61.2"
"window.default","closure","","TRUE","FALSE","(x) ","base","NA","0.61.2"
"window.ts","closure","","TRUE","FALSE","(x, start, end) ","base","NA","0.61.2"
"windows","closure","","TRUE","FALSE","() ","base","NA","0.61.2"
"write","closure","","TRUE","FALSE","(x, file = ""data"", ncolumns = if (is.character(x)) 1 else 5,         append = FALSE) ","base","NA","0.61.2"
"x11","closure","","TRUE","FALSE","(display = """", width = 7, height = 7, ps = 12, printcmd = options(""printcmd"")$printcmd,         paper = options(""papersize"")$papersize, orientation = ""flexible"") ","base","NA","0.61.2"
"xedit","closure","","TRUE","FALSE","(name = NULL, file = """") ","base","NA","0.61.2"
"xemacs","closure","","TRUE","FALSE","(name = NULL, file = """") ","base","NA","0.61.2"
"xinch","closure","","TRUE","FALSE","(x = 1) ","base","NA","0.61.2"
"xor","closure","","TRUE","FALSE","(x, y) ","base","NA","0.61.2"
"xy.coords","closure","","TRUE","FALSE","(x, y, xlab = NULL, ylab = NULL) ","base","NA","0.61.2"
"yinch","closure","","TRUE","FALSE","(x = 1) ","base","NA","0.61.2"
"{","special","","TRUE","NA","","base","NA","0.61.2"
"|","builtin","","TRUE","NA","","base","NA","0.61.2"
"||","special","","TRUE","NA","","base","NA","0.61.2"
"~","special","","TRUE","NA","","base","NA","0.61.2"
"coefficients.tukeyline","closure","","TRUE","FALSE","(z) ","eda","NA","0.61.2"
"fitted.values.tukeyline","closure","","TRUE","FALSE","(z) ","eda","NA","0.61.2"
"line","closure","","TRUE","FALSE","(x, y = NULL) ","eda","NA","0.61.2"
"medpolish","closure","","TRUE","FALSE","(x, eps = 0.01, maxiter = 10) ","eda","NA","0.61.2"
"plot.medpolish","closure","","TRUE","FALSE","(x, main = ""Tukey Additivity Plot"", ...) ","eda","NA","0.61.2"
"print.medpolish","closure","","TRUE","FALSE","(x) ","eda","NA","0.61.2"
"print.tukeyline","closure","","TRUE","FALSE","(x, digits = max(3, .Options$digits - 3), ...) ","eda","NA","0.61.2"
"residuals.tukeyline","closure","","TRUE","FALSE","(z) ","eda","NA","0.61.2"
"smooth","closure","","TRUE","FALSE","(x) ","eda","NA","0.61.2"
"cancor","closure","","TRUE","FALSE","(x, y, xcenter = TRUE, ycenter = TRUE) ","mva","NA","0.61.2"
"cmdscale","closure","","TRUE","FALSE","(d, k = 2, eig = FALSE) ","mva","NA","0.61.2"
"dist","closure","","TRUE","FALSE","(x, method = ""euclidian"") ","mva","NA","0.61.2"
"hclust","closure","","TRUE","FALSE","(d, method = ""complete"") ","mva","NA","0.61.2"
"names.dist","closure","","TRUE","FALSE","(d) ","mva","NA","0.61.2"
"names<-.dist","closure","","TRUE","FALSE","(d, n) ","mva","NA","0.61.2"
"plot.hclust","closure","","TRUE","FALSE","(tree, hang = 0.1, ...) ","mva","NA","0.61.2"
"plot.prcomp","closure","","TRUE","FALSE","(x, main = ""Scree Plot"", ylab = ""Variance"", xlab = ""Component"",         ...) ","mva","NA","0.61.2"
"prcomp","closure","","TRUE","FALSE","(x, scale = FALSE, use = ""all.obs"") ","mva","NA","0.61.2"
"print.dist","closure","","TRUE","FALSE","(d) ","mva","NA","0.61.2"
"print.prcomp","closure","","TRUE","FALSE","(x) ","mva","NA","0.61.2"
"ecdf","closure","","TRUE","FALSE","(x) ","stepfun","NA","0.61.2"
"is.stepfun","closure","","TRUE","FALSE","(x) ","stepfun","NA","0.61.2"
"knots","closure","","TRUE","FALSE","(...) ","stepfun","NA","0.61.2"
"knots.stepfun","closure","","TRUE","FALSE","(Fn) ","stepfun","NA","0.61.2"
"plot.ecdf","closure","","TRUE","FALSE","(..., verticals = FALSE, col.01line = ""gray70"") ","stepfun","NA","0.61.2"
"plot.stepfun","closure","","TRUE","FALSE","(Fn, x, xlim, xlab = ""x"", ylab = ""f(x)"", main = NULL,         add = FALSE, verticals = TRUE, do.points = TRUE, pch = par(""pch""),         col.points = par(""col""), cex.points = par(""cex""), col.hor = par(""col""),         col.vert = par(""col""), ...) ","stepfun","NA","0.61.2"
"print.ecdf","closure","","TRUE","FALSE","(Fn, digits = options(""digits"")[[1]] - 2, ...) ","stepfun","NA","0.61.2"
"print.stepfun","closure","","TRUE","FALSE","(Fn, digits = options(""digits"")[[1]] - 2, ...) ","stepfun","NA","0.61.2"
"stepfun","closure","","TRUE","FALSE","(x, y, f = 0) ","stepfun","NA","0.61.2"
"summary.ecdf","closure","","TRUE","FALSE","(Fn, ...) ","stepfun","NA","0.61.2"
"summary.stepfun","closure","","TRUE","FALSE","(Fn) ","stepfun","NA","0.61.2"
